{
    "private": true,
    "scripts": {
        "dev": "npm run development",
        "development": "cross-env NODE_ENV=development node_modules/webpack/bin/webpack.js --progress --config=node_modules/laravel-mix/setup/webpack.config.js",
        "watch": "npm run development -- --watch",
        "watch-poll": "npm run watch -- --watch-poll",
        "hot": "cross-env NODE_ENV=development node_modules/webpack-dev-server/bin/webpack-dev-server.js --inline --hot --disable-host-check --config=node_modules/laravel-mix/setup/webpack.config.js",
        "prod": "npm run production",
        "production": "cross-env NODE_ENV=production node_modules/webpack/bin/webpack.js --no-progress --config=node_modules/laravel-mix/setup/webpack.config.js"
    },
    "devDependencies": {
        "@tailwindcss/forms": "^0.2.1",
        "@tailwindcss/postcss7-compat": "^2.0.2",
        "autoprefixer": "^9.8.6",
        "axios": "^0.19.2",
        "browser-sync": "^2.26.13",
        "browser-sync-webpack-plugin": "^2.0.1",
        "cross-env": "^7.0",
        "laravel-mix": "^5.0.1",
        "lodash": "^4.17.19",
        "postcss": "^7.0.35",
        "resolve-url-loader": "^3.1.0",
        "tailwindcss": "npm:@tailwindcss/postcss7-compat@^2.0.2",
        "vue-template-compiler": "^2.6.12"
    },
    "dependencies": {
        "dayjs": "^1.10.4",
        "vform": "^1.0.1",
        "vue": "^2.6.12",
        "vue-progressbar": "^0.7.5",
        "vue-router": "^3.4.9",
        "vue2-editor": "^2.10.2",
        "vuex": "^3.6.0"
    }
}
